array_index,case_id,study_family,group_dir,physical_case,mesh_name,Nx,Ny,velocity_m_per_s,stiffness_class,A,beta,Ta,threads,core_label
0,FLOW_INTENSITY__BC1_LOW_v005__M1_108x36__C1,FLOW_INTENSITY,FLOW,BC1_LOW_v005,M1_108x36,108,36,0.05,nominal_chemistry,10000000,5,1000,1,C1
1,FLOW_INTENSITY__BC1_LOW_v005__M1_108x36__C2,FLOW_INTENSITY,FLOW,BC1_LOW_v005,M1_108x36,108,36,0.05,nominal_chemistry,10000000,5,1000,2,C2
2,FLOW_INTENSITY__BC1_LOW_v005__M1_108x36__C4,FLOW_INTENSITY,FLOW,BC1_LOW_v005,M1_108x36,108,36,0.05,nominal_chemistry,10000000,5,1000,4,C4
3,FLOW_INTENSITY__BC1_LOW_v005__M1_108x36__C16,FLOW_INTENSITY,FLOW,BC1_LOW_v005,M1_108x36,108,36,0.05,nominal_chemistry,10000000,5,1000,16,C16
4,FLOW_INTENSITY__BC1_LOW_v005__M2_216x72__C1,FLOW_INTENSITY,FLOW,BC1_LOW_v005,M2_216x72,216,72,0.05,nominal_chemistry,10000000,5,1000,1,C1
5,FLOW_INTENSITY__BC1_LOW_v005__M2_216x72__C2,FLOW_INTENSITY,FLOW,BC1_LOW_v005,M2_216x72,216,72,0.05,nominal_chemistry,10000000,5,1000,2,C2
6,FLOW_INTENSITY__BC1_LOW_v005__M2_216x72__C4,FLOW_INTENSITY,FLOW,BC1_LOW_v005,M2_216x72,216,72,0.05,nominal_chemistry,10000000,5,1000,4,C4
7,FLOW_INTENSITY__BC1_LOW_v005__M2_216x72__C16,FLOW_INTENSITY,FLOW,BC1_LOW_v005,M2_216x72,216,72,0.05,nominal_chemistry,10000000,5,1000,16,C16
8,FLOW_INTENSITY__BC1_LOW_v005__M3_432x144__C1,FLOW_INTENSITY,FLOW,BC1_LOW_v005,M3_432x144,432,144,0.05,nominal_chemistry,10000000,5,1000,1,C1
9,FLOW_INTENSITY__BC1_LOW_v005__M3_432x144__C2,FLOW_INTENSITY,FLOW,BC1_LOW_v005,M3_432x144,432,144,0.05,nominal_chemistry,10000000,5,1000,2,C2
10,FLOW_INTENSITY__BC1_LOW_v005__M3_432x144__C4,FLOW_INTENSITY,FLOW,BC1_LOW_v005,M3_432x144,432,144,0.05,nominal_chemistry,10000000,5,1000,4,C4
11,FLOW_INTENSITY__BC1_LOW_v005__M3_432x144__C16,FLOW_INTENSITY,FLOW,BC1_LOW_v005,M3_432x144,432,144,0.05,nominal_chemistry,10000000,5,1000,16,C16
12,FLOW_INTENSITY__BC1_LOW_v005__M4_864x288__C1,FLOW_INTENSITY,FLOW,BC1_LOW_v005,M4_864x288,864,288,0.05,nominal_chemistry,10000000,5,1000,1,C1
13,FLOW_INTENSITY__BC1_LOW_v005__M4_864x288__C2,FLOW_INTENSITY,FLOW,BC1_LOW_v005,M4_864x288,864,288,0.05,nominal_chemistry,10000000,5,1000,2,C2
14,FLOW_INTENSITY__BC1_LOW_v005__M4_864x288__C4,FLOW_INTENSITY,FLOW,BC1_LOW_v005,M4_864x288,864,288,0.05,nominal_chemistry,10000000,5,1000,4,C4
15,FLOW_INTENSITY__BC1_LOW_v005__M4_864x288__C16,FLOW_INTENSITY,FLOW,BC1_LOW_v005,M4_864x288,864,288,0.05,nominal_chemistry,10000000,5,1000,16,C16
16,FLOW_INTENSITY__BC2_NOMINAL_v010__M1_108x36__C1,FLOW_INTENSITY,FLOW,BC2_NOMINAL_v010,M1_108x36,108,36,0.1,nominal_chemistry,10000000,5,1000,1,C1
17,FLOW_INTENSITY__BC2_NOMINAL_v010__M1_108x36__C2,FLOW_INTENSITY,FLOW,BC2_NOMINAL_v010,M1_108x36,108,36,0.1,nominal_chemistry,10000000,5,1000,2,C2
18,FLOW_INTENSITY__BC2_NOMINAL_v010__M1_108x36__C4,FLOW_INTENSITY,FLOW,BC2_NOMINAL_v010,M1_108x36,108,36,0.1,nominal_chemistry,10000000,5,1000,4,C4
19,FLOW_INTENSITY__BC2_NOMINAL_v010__M1_108x36__C16,FLOW_INTENSITY,FLOW,BC2_NOMINAL_v010,M1_108x36,108,36,0.1,nominal_chemistry,10000000,5,1000,16,C16
20,FLOW_INTENSITY__BC2_NOMINAL_v010__M2_216x72__C1,FLOW_INTENSITY,FLOW,BC2_NOMINAL_v010,M2_216x72,216,72,0.1,nominal_chemistry,10000000,5,1000,1,C1
21,FLOW_INTENSITY__BC2_NOMINAL_v010__M2_216x72__C2,FLOW_INTENSITY,FLOW,BC2_NOMINAL_v010,M2_216x72,216,72,0.1,nominal_chemistry,10000000,5,1000,2,C2
22,FLOW_INTENSITY__BC2_NOMINAL_v010__M2_216x72__C4,FLOW_INTENSITY,FLOW,BC2_NOMINAL_v010,M2_216x72,216,72,0.1,nominal_chemistry,10000000,5,1000,4,C4
23,FLOW_INTENSITY__BC2_NOMINAL_v010__M2_216x72__C16,FLOW_INTENSITY,FLOW,BC2_NOMINAL_v010,M2_216x72,216,72,0.1,nominal_chemistry,10000000,5,1000,16,C16
24,FLOW_INTENSITY__BC2_NOMINAL_v010__M3_432x144__C1,FLOW_INTENSITY,FLOW,BC2_NOMINAL_v010,M3_432x144,432,144,0.1,nominal_chemistry,10000000,5,1000,1,C1
25,FLOW_INTENSITY__BC2_NOMINAL_v010__M3_432x144__C2,FLOW_INTENSITY,FLOW,BC2_NOMINAL_v010,M3_432x144,432,144,0.1,nominal_chemistry,10000000,5,1000,2,C2
26,FLOW_INTENSITY__BC2_NOMINAL_v010__M3_432x144__C4,FLOW_INTENSITY,FLOW,BC2_NOMINAL_v010,M3_432x144,432,144,0.1,nominal_chemistry,10000000,5,1000,4,C4
27,FLOW_INTENSITY__BC2_NOMINAL_v010__M3_432x144__C16,FLOW_INTENSITY,FLOW,BC2_NOMINAL_v010,M3_432x144,432,144,0.1,nominal_chemistry,10000000,5,1000,16,C16
28,FLOW_INTENSITY__BC2_NOMINAL_v010__M4_864x288__C1,FLOW_INTENSITY,FLOW,BC2_NOMINAL_v010,M4_864x288,864,288,0.1,nominal_chemistry,10000000,5,1000,1,C1
29,FLOW_INTENSITY__BC2_NOMINAL_v010__M4_864x288__C2,FLOW_INTENSITY,FLOW,BC2_NOMINAL_v010,M4_864x288,864,288,0.1,nominal_chemistry,10000000,5,1000,2,C2
30,FLOW_INTENSITY__BC2_NOMINAL_v010__M4_864x288__C4,FLOW_INTENSITY,FLOW,BC2_NOMINAL_v010,M4_864x288,864,288,0.1,nominal_chemistry,10000000,5,1000,4,C4
31,FLOW_INTENSITY__BC2_NOMINAL_v010__M4_864x288__C16,FLOW_INTENSITY,FLOW,BC2_NOMINAL_v010,M4_864x288,864,288,0.1,nominal_chemistry,10000000,5,1000,16,C16
32,FLOW_INTENSITY__BC3_HIGH_v020__M1_108x36__C1,FLOW_INTENSITY,FLOW,BC3_HIGH_v020,M1_108x36,108,36,0.2,nominal_chemistry,10000000,5,1000,1,C1
33,FLOW_INTENSITY__BC3_HIGH_v020__M1_108x36__C2,FLOW_INTENSITY,FLOW,BC3_HIGH_v020,M1_108x36,108,36,0.2,nominal_chemistry,10000000,5,1000,2,C2
34,FLOW_INTENSITY__BC3_HIGH_v020__M1_108x36__C4,FLOW_INTENSITY,FLOW,BC3_HIGH_v020,M1_108x36,108,36,0.2,nominal_chemistry,10000000,5,1000,4,C4
35,FLOW_INTENSITY__BC3_HIGH_v020__M1_108x36__C16,FLOW_INTENSITY,FLOW,BC3_HIGH_v020,M1_108x36,108,36,0.2,nominal_chemistry,10000000,5,1000,16,C16
36,FLOW_INTENSITY__BC3_HIGH_v020__M2_216x72__C1,FLOW_INTENSITY,FLOW,BC3_HIGH_v020,M2_216x72,216,72,0.2,nominal_chemistry,10000000,5,1000,1,C1
37,FLOW_INTENSITY__BC3_HIGH_v020__M2_216x72__C2,FLOW_INTENSITY,FLOW,BC3_HIGH_v020,M2_216x72,216,72,0.2,nominal_chemistry,10000000,5,1000,2,C2
38,FLOW_INTENSITY__BC3_HIGH_v020__M2_216x72__C4,FLOW_INTENSITY,FLOW,BC3_HIGH_v020,M2_216x72,216,72,0.2,nominal_chemistry,10000000,5,1000,4,C4
39,FLOW_INTENSITY__BC3_HIGH_v020__M2_216x72__C16,FLOW_INTENSITY,FLOW,BC3_HIGH_v020,M2_216x72,216,72,0.2,nominal_chemistry,10000000,5,1000,16,C16
40,FLOW_INTENSITY__BC3_HIGH_v020__M3_432x144__C1,FLOW_INTENSITY,FLOW,BC3_HIGH_v020,M3_432x144,432,144,0.2,nominal_chemistry,10000000,5,1000,1,C1
41,FLOW_INTENSITY__BC3_HIGH_v020__M3_432x144__C2,FLOW_INTENSITY,FLOW,BC3_HIGH_v020,M3_432x144,432,144,0.2,nominal_chemistry,10000000,5,1000,2,C2
42,FLOW_INTENSITY__BC3_HIGH_v020__M3_432x144__C4,FLOW_INTENSITY,FLOW,BC3_HIGH_v020,M3_432x144,432,144,0.2,nominal_chemistry,10000000,5,1000,4,C4
43,FLOW_INTENSITY__BC3_HIGH_v020__M3_432x144__C16,FLOW_INTENSITY,FLOW,BC3_HIGH_v020,M3_432x144,432,144,0.2,nominal_chemistry,10000000,5,1000,16,C16
44,FLOW_INTENSITY__BC3_HIGH_v020__M4_864x288__C1,FLOW_INTENSITY,FLOW,BC3_HIGH_v020,M4_864x288,864,288,0.2,nominal_chemistry,10000000,5,1000,1,C1
45,FLOW_INTENSITY__BC3_HIGH_v020__M4_864x288__C2,FLOW_INTENSITY,FLOW,BC3_HIGH_v020,M4_864x288,864,288,0.2,nominal_chemistry,10000000,5,1000,2,C2
46,FLOW_INTENSITY__BC3_HIGH_v020__M4_864x288__C4,FLOW_INTENSITY,FLOW,BC3_HIGH_v020,M4_864x288,864,288,0.2,nominal_chemistry,10000000,5,1000,4,C4
47,FLOW_INTENSITY__BC3_HIGH_v020__M4_864x288__C16,FLOW_INTENSITY,FLOW,BC3_HIGH_v020,M4_864x288,864,288,0.2,nominal_chemistry,10000000,5,1000,16,C16
48,REACTION_STIFFNESS__S1_LOW_A1e7_Ta1000__M1_108x36__C1,REACTION_STIFFNESS,STIFFNESS,S1_LOW_A1e7_Ta1000,M1_108x36,108,36,0.1,low,10000000,5,1000,1,C1
49,REACTION_STIFFNESS__S1_LOW_A1e7_Ta1000__M1_108x36__C2,REACTION_STIFFNESS,STIFFNESS,S1_LOW_A1e7_Ta1000,M1_108x36,108,36,0.1,low,10000000,5,1000,2,C2
50,REACTION_STIFFNESS__S1_LOW_A1e7_Ta1000__M1_108x36__C4,REACTION_STIFFNESS,STIFFNESS,S1_LOW_A1e7_Ta1000,M1_108x36,108,36,0.1,low,10000000,5,1000,4,C4
51,REACTION_STIFFNESS__S1_LOW_A1e7_Ta1000__M1_108x36__C16,REACTION_STIFFNESS,STIFFNESS,S1_LOW_A1e7_Ta1000,M1_108x36,108,36,0.1,low,10000000,5,1000,16,C16
52,REACTION_STIFFNESS__S1_LOW_A1e7_Ta1000__M2_216x72__C1,REACTION_STIFFNESS,STIFFNESS,S1_LOW_A1e7_Ta1000,M2_216x72,216,72,0.1,low,10000000,5,1000,1,C1
53,REACTION_STIFFNESS__S1_LOW_A1e7_Ta1000__M2_216x72__C2,REACTION_STIFFNESS,STIFFNESS,S1_LOW_A1e7_Ta1000,M2_216x72,216,72,0.1,low,10000000,5,1000,2,C2
54,REACTION_STIFFNESS__S1_LOW_A1e7_Ta1000__M2_216x72__C4,REACTION_STIFFNESS,STIFFNESS,S1_LOW_A1e7_Ta1000,M2_216x72,216,72,0.1,low,10000000,5,1000,4,C4
55,REACTION_STIFFNESS__S1_LOW_A1e7_Ta1000__M2_216x72__C16,REACTION_STIFFNESS,STIFFNESS,S1_LOW_A1e7_Ta1000,M2_216x72,216,72,0.1,low,10000000,5,1000,16,C16
56,REACTION_STIFFNESS__S1_LOW_A1e7_Ta1000__M3_432x144__C1,REACTION_STIFFNESS,STIFFNESS,S1_LOW_A1e7_Ta1000,M3_432x144,432,144,0.1,low,10000000,5,1000,1,C1
57,REACTION_STIFFNESS__S1_LOW_A1e7_Ta1000__M3_432x144__C2,REACTION_STIFFNESS,STIFFNESS,S1_LOW_A1e7_Ta1000,M3_432x144,432,144,0.1,low,10000000,5,1000,2,C2
58,REACTION_STIFFNESS__S1_LOW_A1e7_Ta1000__M3_432x144__C4,REACTION_STIFFNESS,STIFFNESS,S1_LOW_A1e7_Ta1000,M3_432x144,432,144,0.1,low,10000000,5,1000,4,C4
59,REACTION_STIFFNESS__S1_LOW_A1e7_Ta1000__M3_432x144__C16,REACTION_STIFFNESS,STIFFNESS,S1_LOW_A1e7_Ta1000,M3_432x144,432,144,0.1,low,10000000,5,1000,16,C16
60,REACTION_STIFFNESS__S1_LOW_A1e7_Ta1000__M4_864x288__C1,REACTION_STIFFNESS,STIFFNESS,S1_LOW_A1e7_Ta1000,M4_864x288,864,288,0.1,low,10000000,5,1000,1,C1
61,REACTION_STIFFNESS__S1_LOW_A1e7_Ta1000__M4_864x288__C2,REACTION_STIFFNESS,STIFFNESS,S1_LOW_A1e7_Ta1000,M4_864x288,864,288,0.1,low,10000000,5,1000,2,C2
62,REACTION_STIFFNESS__S1_LOW_A1e7_Ta1000__M4_864x288__C4,REACTION_STIFFNESS,STIFFNESS,S1_LOW_A1e7_Ta1000,M4_864x288,864,288,0.1,low,10000000,5,1000,4,C4
63,REACTION_STIFFNESS__S1_LOW_A1e7_Ta1000__M4_864x288__C16,REACTION_STIFFNESS,STIFFNESS,S1_LOW_A1e7_Ta1000,M4_864x288,864,288,0.1,low,10000000,5,1000,16,C16
64,REACTION_STIFFNESS__S2_INTERMEDIATE_A1e8_Ta500__M1_108x36__C1,REACTION_STIFFNESS,STIFFNESS,S2_INTERMEDIATE_A1e8_Ta500,M1_108x36,108,36,0.1,intermediate,100000000,5,500,1,C1
65,REACTION_STIFFNESS__S2_INTERMEDIATE_A1e8_Ta500__M1_108x36__C2,REACTION_STIFFNESS,STIFFNESS,S2_INTERMEDIATE_A1e8_Ta500,M1_108x36,108,36,0.1,intermediate,100000000,5,500,2,C2
66,REACTION_STIFFNESS__S2_INTERMEDIATE_A1e8_Ta500__M1_108x36__C4,REACTION_STIFFNESS,STIFFNESS,S2_INTERMEDIATE_A1e8_Ta500,M1_108x36,108,36,0.1,intermediate,100000000,5,500,4,C4
67,REACTION_STIFFNESS__S2_INTERMEDIATE_A1e8_Ta500__M1_108x36__C16,REACTION_STIFFNESS,STIFFNESS,S2_INTERMEDIATE_A1e8_Ta500,M1_108x36,108,36,0.1,intermediate,100000000,5,500,16,C16
68,REACTION_STIFFNESS__S2_INTERMEDIATE_A1e8_Ta500__M2_216x72__C1,REACTION_STIFFNESS,STIFFNESS,S2_INTERMEDIATE_A1e8_Ta500,M2_216x72,216,72,0.1,intermediate,100000000,5,500,1,C1
69,REACTION_STIFFNESS__S2_INTERMEDIATE_A1e8_Ta500__M2_216x72__C2,REACTION_STIFFNESS,STIFFNESS,S2_INTERMEDIATE_A1e8_Ta500,M2_216x72,216,72,0.1,intermediate,100000000,5,500,2,C2
70,REACTION_STIFFNESS__S2_INTERMEDIATE_A1e8_Ta500__M2_216x72__C4,REACTION_STIFFNESS,STIFFNESS,S2_INTERMEDIATE_A1e8_Ta500,M2_216x72,216,72,0.1,intermediate,100000000,5,500,4,C4
71,REACTION_STIFFNESS__S2_INTERMEDIATE_A1e8_Ta500__M2_216x72__C16,REACTION_STIFFNESS,STIFFNESS,S2_INTERMEDIATE_A1e8_Ta500,M2_216x72,216,72,0.1,intermediate,100000000,5,500,16,C16
72,REACTION_STIFFNESS__S2_INTERMEDIATE_A1e8_Ta500__M3_432x144__C1,REACTION_STIFFNESS,STIFFNESS,S2_INTERMEDIATE_A1e8_Ta500,M3_432x144,432,144,0.1,intermediate,100000000,5,500,1,C1
73,REACTION_STIFFNESS__S2_INTERMEDIATE_A1e8_Ta500__M3_432x144__C2,REACTION_STIFFNESS,STIFFNESS,S2_INTERMEDIATE_A1e8_Ta500,M3_432x144,432,144,0.1,intermediate,100000000,5,500,2,C2
74,REACTION_STIFFNESS__S2_INTERMEDIATE_A1e8_Ta500__M3_432x144__C4,REACTION_STIFFNESS,STIFFNESS,S2_INTERMEDIATE_A1e8_Ta500,M3_432x144,432,144,0.1,intermediate,100000000,5,500,4,C4
75,REACTION_STIFFNESS__S2_INTERMEDIATE_A1e8_Ta500__M3_432x144__C16,REACTION_STIFFNESS,STIFFNESS,S2_INTERMEDIATE_A1e8_Ta500,M3_432x144,432,144,0.1,intermediate,100000000,5,500,16,C16
76,REACTION_STIFFNESS__S2_INTERMEDIATE_A1e8_Ta500__M4_864x288__C1,REACTION_STIFFNESS,STIFFNESS,S2_INTERMEDIATE_A1e8_Ta500,M4_864x288,864,288,0.1,intermediate,100000000,5,500,1,C1
77,REACTION_STIFFNESS__S2_INTERMEDIATE_A1e8_Ta500__M4_864x288__C2,REACTION_STIFFNESS,STIFFNESS,S2_INTERMEDIATE_A1e8_Ta500,M4_864x288,864,288,0.1,intermediate,100000000,5,500,2,C2
78,REACTION_STIFFNESS__S2_INTERMEDIATE_A1e8_Ta500__M4_864x288__C4,REACTION_STIFFNESS,STIFFNESS,S2_INTERMEDIATE_A1e8_Ta500,M4_864x288,864,288,0.1,intermediate,100000000,5,500,4,C4
79,REACTION_STIFFNESS__S2_INTERMEDIATE_A1e8_Ta500__M4_864x288__C16,REACTION_STIFFNESS,STIFFNESS,S2_INTERMEDIATE_A1e8_Ta500,M4_864x288,864,288,0.1,intermediate,100000000,5,500,16,C16
80,REACTION_STIFFNESS__S3_HIGH_A1e9_Ta100__M1_108x36__C1,REACTION_STIFFNESS,STIFFNESS,S3_HIGH_A1e9_Ta100,M1_108x36,108,36,0.1,high,1000000000,5,100,1,C1
81,REACTION_STIFFNESS__S3_HIGH_A1e9_Ta100__M1_108x36__C2,REACTION_STIFFNESS,STIFFNESS,S3_HIGH_A1e9_Ta100,M1_108x36,108,36,0.1,high,1000000000,5,100,2,C2
82,REACTION_STIFFNESS__S3_HIGH_A1e9_Ta100__M1_108x36__C4,REACTION_STIFFNESS,STIFFNESS,S3_HIGH_A1e9_Ta100,M1_108x36,108,36,0.1,high,1000000000,5,100,4,C4
83,REACTION_STIFFNESS__S3_HIGH_A1e9_Ta100__M1_108x36__C16,REACTION_STIFFNESS,STIFFNESS,S3_HIGH_A1e9_Ta100,M1_108x36,108,36,0.1,high,1000000000,5,100,16,C16
84,REACTION_STIFFNESS__S3_HIGH_A1e9_Ta100__M2_216x72__C1,REACTION_STIFFNESS,STIFFNESS,S3_HIGH_A1e9_Ta100,M2_216x72,216,72,0.1,high,1000000000,5,100,1,C1
85,REACTION_STIFFNESS__S3_HIGH_A1e9_Ta100__M2_216x72__C2,REACTION_STIFFNESS,STIFFNESS,S3_HIGH_A1e9_Ta100,M2_216x72,216,72,0.1,high,1000000000,5,100,2,C2
86,REACTION_STIFFNESS__S3_HIGH_A1e9_Ta100__M2_216x72__C4,REACTION_STIFFNESS,STIFFNESS,S3_HIGH_A1e9_Ta100,M2_216x72,216,72,0.1,high,1000000000,5,100,4,C4
87,REACTION_STIFFNESS__S3_HIGH_A1e9_Ta100__M2_216x72__C16,REACTION_STIFFNESS,STIFFNESS,S3_HIGH_A1e9_Ta100,M2_216x72,216,72,0.1,high,1000000000,5,100,16,C16
88,REACTION_STIFFNESS__S3_HIGH_A1e9_Ta100__M3_432x144__C1,REACTION_STIFFNESS,STIFFNESS,S3_HIGH_A1e9_Ta100,M3_432x144,432,144,0.1,high,1000000000,5,100,1,C1
89,REACTION_STIFFNESS__S3_HIGH_A1e9_Ta100__M3_432x144__C2,REACTION_STIFFNESS,STIFFNESS,S3_HIGH_A1e9_Ta100,M3_432x144,432,144,0.1,high,1000000000,5,100,2,C2
90,REACTION_STIFFNESS__S3_HIGH_A1e9_Ta100__M3_432x144__C4,REACTION_STIFFNESS,STIFFNESS,S3_HIGH_A1e9_Ta100,M3_432x144,432,144,0.1,high,1000000000,5,100,4,C4
91,REACTION_STIFFNESS__S3_HIGH_A1e9_Ta100__M3_432x144__C16,REACTION_STIFFNESS,STIFFNESS,S3_HIGH_A1e9_Ta100,M3_432x144,432,144,0.1,high,1000000000,5,100,16,C16
92,REACTION_STIFFNESS__S3_HIGH_A1e9_Ta100__M4_864x288__C1,REACTION_STIFFNESS,STIFFNESS,S3_HIGH_A1e9_Ta100,M4_864x288,864,288,0.1,high,1000000000,5,100,1,C1
93,REACTION_STIFFNESS__S3_HIGH_A1e9_Ta100__M4_864x288__C2,REACTION_STIFFNESS,STIFFNESS,S3_HIGH_A1e9_Ta100,M4_864x288,864,288,0.1,high,1000000000,5,100,2,C2
94,REACTION_STIFFNESS__S3_HIGH_A1e9_Ta100__M4_864x288__C4,REACTION_STIFFNESS,STIFFNESS,S3_HIGH_A1e9_Ta100,M4_864x288,864,288,0.1,high,1000000000,5,100,4,C4
95,REACTION_STIFFNESS__S3_HIGH_A1e9_Ta100__M4_864x288__C16,REACTION_STIFFNESS,STIFFNESS,S3_HIGH_A1e9_Ta100,M4_864x288,864,288,0.1,high,1000000000,5,100,16,C16
